{
  "IcoMoonType": "selection",
  "icons": [
    {
      "icon": {
        "paths": [
          "M464.571 742.286l259.429-259.429c14.286-14.286 14.286-37.143 0-51.429l-58.286-58.286c-14.286-14.286-37.143-14.286-51.429 0l-175.429 175.429-175.429-175.429c-14.286-14.286-37.143-14.286-51.429 0l-58.286 58.286c-14.286 14.286-14.286 37.143 0 51.429l259.429 259.429c14.286 14.286 37.143 14.286 51.429 0zM877.714 512c0 242.286-196.571 438.857-438.857 438.857s-438.857-196.571-438.857-438.857 196.571-438.857 438.857-438.857 438.857 196.571 438.857 438.857z"
        ],
        "attrs": [
          {}
        ],
        "width": 878,
        "isMulticolor": false,
        "isMulticolor2": false,
        "tags": [
          "chevron-circle-down"
        ],
        "grid": 14
      },
      "attrs": [
        {}
      ],
      "properties": {
        "order": 1,
        "id": 7,
        "name": "chevron-circle-down",
        "prevSize": 28,
        "code": 59649
      },
      "setIdx": 0,
      "setId": 3,
      "iconIdx": 0
    },
    {
      "icon": {
        "paths": [
          "M665.714 650.857l58.286-58.286c14.286-14.286 14.286-37.143 0-51.429l-259.429-259.429c-14.286-14.286-37.143-14.286-51.429 0l-259.429 259.429c-14.286 14.286-14.286 37.143 0 51.429l58.286 58.286c14.286 14.286 37.143 14.286 51.429 0l175.429-175.429 175.429 175.429c14.286 14.286 37.143 14.286 51.429 0zM877.714 512c0 242.286-196.571 438.857-438.857 438.857s-438.857-196.571-438.857-438.857 196.571-438.857 438.857-438.857 438.857 196.571 438.857 438.857z"
        ],
        "attrs": [
          {}
        ],
        "width": 878,
        "isMulticolor": false,
        "isMulticolor2": false,
        "tags": [
          "chevron-circle-up"
        ],
        "grid": 14
      },
      "attrs": [
        {}
      ],
      "properties": {
        "order": 2,
        "id": 6,
        "name": "chevron-circle-up",
        "prevSize": 28,
        "code": 59650
      },
      "setIdx": 0,
      "setId": 3,
      "iconIdx": 1
    },
    {
      "icon": {
        "paths": [
          "M409.714 797.143l259.429-259.429c14.286-14.286 14.286-37.143 0-51.429l-259.429-259.429c-14.286-14.286-37.143-14.286-51.429 0l-58.286 58.286c-14.286 14.286-14.286 37.143 0 51.429l175.429 175.429-175.429 175.429c-14.286 14.286-14.286 37.143 0 51.429l58.286 58.286c14.286 14.286 37.143 14.286 51.429 0zM877.714 512c0 242.286-196.571 438.857-438.857 438.857s-438.857-196.571-438.857-438.857 196.571-438.857 438.857-438.857 438.857 196.571 438.857 438.857z"
        ],
        "attrs": [
          {}
        ],
        "width": 878,
        "isMulticolor": false,
        "isMulticolor2": false,
        "tags": [
          "chevron-circle-right"
        ],
        "grid": 14
      },
      "attrs": [
        {}
      ],
      "properties": {
        "order": 3,
        "id": 5,
        "name": "chevron-circle-right",
        "prevSize": 28,
        "code": 59651
      },
      "setIdx": 0,
      "setId": 3,
      "iconIdx": 2
    },
    {
      "icon": {
        "paths": [
          "M519.429 797.143l58.286-58.286c14.286-14.286 14.286-37.143 0-51.429l-175.429-175.429 175.429-175.429c14.286-14.286 14.286-37.143 0-51.429l-58.286-58.286c-14.286-14.286-37.143-14.286-51.429 0l-259.429 259.429c-14.286 14.286-14.286 37.143 0 51.429l259.429 259.429c14.286 14.286 37.143 14.286 51.429 0zM877.714 512c0 242.286-196.571 438.857-438.857 438.857s-438.857-196.571-438.857-438.857 196.571-438.857 438.857-438.857 438.857 196.571 438.857 438.857z"
        ],
        "attrs": [
          {}
        ],
        "width": 878,
        "isMulticolor": false,
        "isMulticolor2": false,
        "tags": [
          "chevron-circle-left"
        ],
        "grid": 14
      },
      "attrs": [
        {}
      ],
      "properties": {
        "order": 4,
        "id": 4,
        "name": "chevron-circle-left",
        "prevSize": 28,
        "code": 59652
      },
      "setIdx": 0,
      "setId": 3,
      "iconIdx": 3
    },
    {
      "icon": {
        "paths": [
          "M632.571 501.143l-424 424c-14.286 14.286-37.143 14.286-51.429 0l-94.857-94.857c-14.286-14.286-14.286-37.143 0-51.429l303.429-303.429-303.429-303.429c-14.286-14.286-14.286-37.143 0-51.429l94.857-94.857c14.286-14.286 37.143-14.286 51.429 0l424 424c14.286 14.286 14.286 37.143 0 51.429z"
        ],
        "attrs": [
          {}
        ],
        "width": 695,
        "isMulticolor": false,
        "isMulticolor2": false,
        "tags": [
          "chevron-right"
        ],
        "grid": 14
      },
      "attrs": [
        {}
      ],
      "properties": {
        "order": 5,
        "id": 3,
        "name": "chevron-right",
        "prevSize": 28,
        "code": 59653
      },
      "setIdx": 0,
      "setId": 3,
      "iconIdx": 4
    },
    {
      "icon": {
        "paths": [
          "M669.143 172l-303.429 303.429 303.429 303.429c14.286 14.286 14.286 37.143 0 51.429l-94.857 94.857c-14.286 14.286-37.143 14.286-51.429 0l-424-424c-14.286-14.286-14.286-37.143 0-51.429l424-424c14.286-14.286 37.143-14.286 51.429 0l94.857 94.857c14.286 14.286 14.286 37.143 0 51.429z"
        ],
        "attrs": [
          {}
        ],
        "width": 768,
        "isMulticolor": false,
        "isMulticolor2": false,
        "tags": [
          "chevron-left"
        ],
        "grid": 14
      },
      "attrs": [
        {}
      ],
      "properties": {
        "order": 6,
        "id": 2,
        "name": "chevron-left",
        "prevSize": 28,
        "code": 59654
      },
      "setIdx": 0,
      "setId": 3,
      "iconIdx": 5
    },
    {
      "icon": {
        "paths": [
          "M961.714 461.714l-424 423.429c-14.286 14.286-37.143 14.286-51.429 0l-424-423.429c-14.286-14.286-14.286-37.714 0-52l94.857-94.286c14.286-14.286 37.143-14.286 51.429 0l303.429 303.429 303.429-303.429c14.286-14.286 37.143-14.286 51.429 0l94.857 94.286c14.286 14.286 14.286 37.714 0 52z"
        ],
        "attrs": [
          {}
        ],
        "isMulticolor": false,
        "isMulticolor2": false,
        "tags": [
          "chevron-down"
        ],
        "grid": 14
      },
      "attrs": [
        {}
      ],
      "properties": {
        "order": 7,
        "id": 1,
        "name": "chevron-down",
        "prevSize": 28,
        "code": 59655
      },
      "setIdx": 0,
      "setId": 3,
      "iconIdx": 6
    },
    {
      "icon": {
        "paths": [
          "M961.714 760.571l-94.857 94.286c-14.286 14.286-37.143 14.286-51.429 0l-303.429-303.429-303.429 303.429c-14.286 14.286-37.143 14.286-51.429 0l-94.857-94.286c-14.286-14.286-14.286-37.714 0-52l424-423.429c14.286-14.286 37.143-14.286 51.429 0l424 423.429c14.286 14.286 14.286 37.714 0 52z"
        ],
        "attrs": [
          {}
        ],
        "isMulticolor": false,
        "isMulticolor2": false,
        "tags": [
          "chevron-up"
        ],
        "grid": 14
      },
      "attrs": [
        {}
      ],
      "properties": {
        "order": 8,
        "id": 0,
        "name": "chevron-up",
        "prevSize": 28,
        "code": 59656
      },
      "setIdx": 0,
      "setId": 3,
      "iconIdx": 7
    },
    {
      "icon": {
        "paths": [
          "M525.143 744.571v-89.714c0-18.857-5.714-28.571-16.571-28.571-6.286 0-12.571 2.857-18.857 9.143v128c6.286 6.286 12.571 9.143 18.857 9.143 10.857 0 16.571-9.143 16.571-28zM630.286 674.857h37.714v-19.429c0-19.429-6.286-29.143-18.857-29.143s-18.857 9.714-18.857 29.143v19.429zM304 522.857v40h-45.714v241.714h-42.286v-241.714h-44.571v-40h132.571zM418.857 594.857v209.714h-38.286v-22.857c-14.857 17.143-29.143 25.714-43.429 25.714-12 0-20.571-5.143-24-16-2.286-6.286-3.429-16-3.429-30.857v-165.714h37.714v154.286c0 8.571 0 13.714 0.571 14.857 0.571 5.714 3.429 8.571 8.571 8.571 8 0 15.429-5.714 24-17.714v-160h38.286zM562.857 658.286v83.429c0 18.857-1.143 33.143-4 41.714-4.571 16-14.857 24-30.286 24-13.143 0-26.286-8-38.857-23.429v20.571h-38.286v-281.714h38.286v92c12-14.857 25.143-22.857 38.857-22.857 15.429 0 25.714 8 30.286 24 2.857 8.571 4 22.286 4 42.286zM706.286 732v5.143c0 12.571-0.571 20.571-1.143 24.571-1.143 8.571-4 16-8.571 22.857-10.286 15.429-26.286 22.857-45.714 22.857-20 0-35.429-7.429-46.286-21.714-8-10.286-12-26.857-12-49.143v-73.714c0-22.286 3.429-38.286 11.429-49.143 10.857-14.286 26.286-21.714 45.714-21.714 18.857 0 34.286 7.429 44.571 21.714 8 10.857 12 26.857 12 49.143v43.429h-76v37.143c0 19.429 6.286 29.143 19.429 29.143 9.143 0 14.857-5.143 17.143-14.857 0-2.286 0.571-10.857 0.571-25.714h38.857zM448.571 261.143v89.143c0 19.429-6.286 29.143-18.286 29.143-12.571 0-18.286-9.714-18.286-29.143v-89.143c0-19.429 5.714-29.714 18.286-29.714 12 0 18.286 10.286 18.286 29.714zM753.143 668.571v0c0-49.143 0-101.143-10.857-148.571-8-33.714-35.429-58.286-68-61.714-77.714-8.571-156.571-8.571-235.429-8.571-78.286 0-157.143 0-234.857 8.571-33.143 3.429-60.571 28-68 61.714-10.857 47.429-11.429 99.429-11.429 148.571v0c0 48.571 0 100.571 11.429 148.571 7.429 33.143 34.857 57.714 67.429 61.714 78.286 8.571 157.143 8.571 235.429 8.571s157.143 0 235.429-8.571c32.571-4 60-28.571 67.429-61.714 11.429-48 11.429-100 11.429-148.571zM321.714 296.571l51.429-169.143h-42.857l-29.143 111.429-30.286-111.429h-44.571c8.571 26.286 18.286 52.571 26.857 78.857 13.714 40 22.286 69.714 26.286 90.286v114.857h42.286v-114.857zM486.857 342.857v-74.286c0-22.286-4-38.857-12-49.714-10.857-14.286-25.714-21.714-44.571-21.714-19.429 0-34.286 7.429-44.571 21.714-8 10.857-12 27.429-12 49.714v74.286c0 22.286 4 38.857 12 49.714 10.286 14.286 25.143 21.714 44.571 21.714 18.857 0 33.714-7.429 44.571-21.714 8-10.286 12-27.429 12-49.714zM590.286 411.429h38.286v-211.429h-38.286v161.714c-8.571 12-16.571 17.714-24 17.714-5.143 0-8.571-2.857-9.143-9.143-0.571-1.143-0.571-5.714-0.571-14.857v-155.429h-38.286v167.429c0 14.857 1.143 24.571 3.429 31.429 4 10.286 12.571 15.429 24.571 15.429 14.286 0 28.571-8.571 44-25.714v22.857zM877.714 237.714v548.571c0 90.857-73.714 164.571-164.571 164.571h-548.571c-90.857 0-164.571-73.714-164.571-164.571v-548.571c0-90.857 73.714-164.571 164.571-164.571h548.571c90.857 0 164.571 73.714 164.571 164.571z"
        ],
        "width": 878,
        "attrs": [
          {}
        ],
        "isMulticolor": false,
        "isMulticolor2": false,
        "tags": [
          "youtube-square"
        ],
        "grid": 14
      },
      "attrs": [
        {}
      ],
      "properties": {
        "order": 17,
        "id": 0,
        "name": "youtube-square",
        "prevSize": 28,
        "code": 59648
      },
      "setIdx": 3,
      "setId": 0,
      "iconIdx": 0
    },
    {
      "icon": {
        "paths": [
          "M192 128l640 384-640 384z"
        ],
        "attrs": [],
        "isMulticolor": false,
        "isMulticolor2": false,
        "tags": [
          "play",
          "player"
        ],
        "defaultCode": 59932,
        "grid": 16
      },
      "attrs": [],
      "properties": {
        "ligatures": "play3, player8",
        "name": "play3",
        "order": 33,
        "id": 0,
        "prevSize": 32,
        "code": 59932
      },
      "setIdx": 2,
      "setId": 1,
      "iconIdx": 0
    },
    {
      "icon": {
        "paths": [
          "M928 0h-832c-52.8 0-96 43.2-96 96v832c0 52.8 43.2 96 96 96h416v-448h-128v-128h128v-64c0-105.8 86.2-192 192-192h128v128h-128c-35.2 0-64 28.8-64 64v64h192l-32 128h-160v448h288c52.8 0 96-43.2 96-96v-832c0-52.8-43.2-96-96-96z"
        ],
        "attrs": [],
        "isMulticolor": false,
        "isMulticolor2": false,
        "tags": [
          "facebook",
          "brand",
          "social"
        ],
        "defaultCode": 60049,
        "grid": 16
      },
      "attrs": [],
      "properties": {
        "ligatures": "facebook2, brand11",
        "name": "facebook2",
        "order": 3,
        "id": 1,
        "prevSize": 32,
        "code": 60049
      },
      "setIdx": 2,
      "setId": 1,
      "iconIdx": 1
    },
    {
      "icon": {
        "paths": [
          "M1024 226.4c-37.6 16.8-78.2 28-120.6 33 43.4-26 76.6-67.2 92.4-116.2-40.6 24-85.6 41.6-133.4 51-38.4-40.8-93-66.2-153.4-66.2-116 0-210 94-210 210 0 16.4 1.8 32.4 5.4 47.8-174.6-8.8-329.4-92.4-433-219.6-18 31-28.4 67.2-28.4 105.6 0 72.8 37 137.2 93.4 174.8-34.4-1-66.8-10.6-95.2-26.2 0 0.8 0 1.8 0 2.6 0 101.8 72.4 186.8 168.6 206-17.6 4.8-36.2 7.4-55.4 7.4-13.6 0-26.6-1.4-39.6-3.8 26.8 83.4 104.4 144.2 196.2 146-72 56.4-162.4 90-261 90-17 0-33.6-1-50.2-3 93.2 59.8 203.6 94.4 322.2 94.4 386.4 0 597.8-320.2 597.8-597.8 0-9.2-0.2-18.2-0.6-27.2 41-29.4 76.6-66.4 104.8-108.6z"
        ],
        "attrs": [],
        "isMulticolor": false,
        "isMulticolor2": false,
        "tags": [
          "twitter",
          "brand",
          "tweet",
          "social"
        ],
        "defaultCode": 60054,
        "grid": 16
      },
      "attrs": [],
      "properties": {
        "ligatures": "twitter, brand16",
        "name": "twitter",
        "order": 4,
        "id": 2,
        "prevSize": 32,
        "code": 60054
      },
      "setIdx": 2,
      "setId": 1,
      "iconIdx": 2
    }
  ],
  "height": 1024,
  "metadata": {
    "name": "icomoon"
  },
  "preferences": {
    "showGlyphs": true,
    "showQuickUse": true,
    "showQuickUse2": true,
    "showSVGs": true,
    "fontPref": {
      "prefix": "icon-",
      "metadata": {
        "fontFamily": "icomoon"
      },
      "metrics": {
        "emSize": 1024,
        "baseline": 6.25,
        "whitespace": 50
      },
      "embed": false
    },
    "imagePref": {
      "prefix": "icon-",
      "png": true,
      "useClassSelector": true,
      "color": 0,
      "bgColor": 16777215,
      "classSelector": ".icon"
    },
    "historySize": 50,
    "showCodes": true,
    "gridSize": 16
  }
}